"dir","date"
"/data/MTDA/TIFFDERIVED/PROBAV_L3_S5_TOC_100M/2014/20140311/PROBAV_S5_TOC_20140311_100M_V101",2014-03-11
"/data/MTDA/TIFFDERIVED/PROBAV_L3_S5_TOC_100M/2014/20140316/PROBAV_S5_TOC_20140316_100M_V101",2014-03-16
"/data/MTDA/TIFFDERIVED/PROBAV_L3_S5_TOC_100M/2014/20140321/PROBAV_S5_TOC_20140321_100M_V101",2014-03-21
"/data/MTDA/TIFFDERIVED/PROBAV_L3_S5_TOC_100M/2014/20140326/PROBAV_S5_TOC_20140326_100M_V101",2014-03-26
"/data/MTDA/TIFFDERIVED/PROBAV_L3_S5_TOC_100M/2014/20140401/PROBAV_S5_TOC_20140401_100M_V101",2014-04-01
"/data/MTDA/TIFFDERIVED/PROBAV_L3_S5_TOC_100M/2014/20140406/PROBAV_S5_TOC_20140406_100M_V101",2014-04-06
"/data/MTDA/TIFFDERIVED/PROBAV_L3_S5_TOC_100M/2014/20140411/PROBAV_S5_TOC_20140411_100M_V101",2014-04-11
"/data/MTDA/TIFFDERIVED/PROBAV_L3_S5_TOC_100M/2014/20140416/PROBAV_S5_TOC_20140416_100M_V101",2014-04-16
"/data/MTDA/TIFFDERIVED/PROBAV_L3_S5_TOC_100M/2014/20140421/PROBAV_S5_TOC_20140421_100M_V101",2014-04-21
"/data/MTDA/TIFFDERIVED/PROBAV_L3_S5_TOC_100M/2014/20140426/PROBAV_S5_TOC_20140426_100M_V101",2014-04-26
"/data/MTDA/TIFFDERIVED/PROBAV_L3_S5_TOC_100M/2014/20140501/PROBAV_S5_TOC_20140501_100M_V101",2014-05-01
"/data/MTDA/TIFFDERIVED/PROBAV_L3_S5_TOC_100M/2014/20140506/PROBAV_S5_TOC_20140506_100M_V101",2014-05-06
"/data/MTDA/TIFFDERIVED/PROBAV_L3_S5_TOC_100M/2014/20140511/PROBAV_S5_TOC_20140511_100M_V101",2014-05-11
"/data/MTDA/TIFFDERIVED/PROBAV_L3_S5_TOC_100M/2014/20140516/PROBAV_S5_TOC_20140516_100M_V101",2014-05-16
"/data/MTDA/TIFFDERIVED/PROBAV_L3_S5_TOC_100M/2014/20140521/PROBAV_S5_TOC_20140521_100M_V101",2014-05-21
"/data/MTDA/TIFFDERIVED/PROBAV_L3_S5_TOC_100M/2014/20140526/PROBAV_S5_TOC_20140526_100M_V101",2014-05-26
"/data/MTDA/TIFFDERIVED/PROBAV_L3_S5_TOC_100M/2014/20140601/PROBAV_S5_TOC_20140601_100M_V101",2014-06-01
"/data/MTDA/TIFFDERIVED/PROBAV_L3_S5_TOC_100M/2014/20140606/PROBAV_S5_TOC_20140606_100M_V101",2014-06-06
"/data/MTDA/TIFFDERIVED/PROBAV_L3_S5_TOC_100M/2014/20140611/PROBAV_S5_TOC_20140611_100M_V101",2014-06-11
"/data/MTDA/TIFFDERIVED/PROBAV_L3_S5_TOC_100M/2014/20140616/PROBAV_S5_TOC_20140616_100M_V101",2014-06-16
"/data/MTDA/TIFFDERIVED/PROBAV_L3_S5_TOC_100M/2014/20140621/PROBAV_S5_TOC_20140621_100M_V101",2014-06-21
"/data/MTDA/TIFFDERIVED/PROBAV_L3_S5_TOC_100M/2014/20140626/PROBAV_S5_TOC_20140626_100M_V101",2014-06-26
"/data/MTDA/TIFFDERIVED/PROBAV_L3_S5_TOC_100M/2014/20140701/PROBAV_S5_TOC_20140701_100M_V101",2014-07-01
"/data/MTDA/TIFFDERIVED/PROBAV_L3_S5_TOC_100M/2014/20140706/PROBAV_S5_TOC_20140706_100M_V101",2014-07-06
"/data/MTDA/TIFFDERIVED/PROBAV_L3_S5_TOC_100M/2014/20140711/PROBAV_S5_TOC_20140711_100M_V101",2014-07-11
"/data/MTDA/TIFFDERIVED/PROBAV_L3_S5_TOC_100M/2014/20140716/PROBAV_S5_TOC_20140716_100M_V101",2014-07-16
"/data/MTDA/TIFFDERIVED/PROBAV_L3_S5_TOC_100M/2014/20140721/PROBAV_S5_TOC_20140721_100M_V101",2014-07-21
"/data/MTDA/TIFFDERIVED/PROBAV_L3_S5_TOC_100M/2014/20140726/PROBAV_S5_TOC_20140726_100M_V101",2014-07-26
"/data/MTDA/TIFFDERIVED/PROBAV_L3_S5_TOC_100M/2014/20140801/PROBAV_S5_TOC_20140801_100M_V101",2014-08-01
"/data/MTDA/TIFFDERIVED/PROBAV_L3_S5_TOC_100M/2014/20140806/PROBAV_S5_TOC_20140806_100M_V101",2014-08-06
"/data/MTDA/TIFFDERIVED/PROBAV_L3_S5_TOC_100M/2014/20140811/PROBAV_S5_TOC_20140811_100M_V101",2014-08-11
"/data/MTDA/TIFFDERIVED/PROBAV_L3_S5_TOC_100M/2014/20140816/PROBAV_S5_TOC_20140816_100M_V101",2014-08-16
"/data/MTDA/TIFFDERIVED/PROBAV_L3_S5_TOC_100M/2014/20140821/PROBAV_S5_TOC_20140821_100M_V101",2014-08-21
"/data/MTDA/TIFFDERIVED/PROBAV_L3_S5_TOC_100M/2014/20140826/PROBAV_S5_TOC_20140826_100M_V101",2014-08-26
"/data/MTDA/TIFFDERIVED/PROBAV_L3_S5_TOC_100M/2014/20140901/PROBAV_S5_TOC_20140901_100M_V101",2014-09-01
"/data/MTDA/TIFFDERIVED/PROBAV_L3_S5_TOC_100M/2014/20140906/PROBAV_S5_TOC_20140906_100M_V101",2014-09-06
"/data/MTDA/TIFFDERIVED/PROBAV_L3_S5_TOC_100M/2014/20140911/PROBAV_S5_TOC_20140911_100M_V101",2014-09-11
"/data/MTDA/TIFFDERIVED/PROBAV_L3_S5_TOC_100M/2014/20140916/PROBAV_S5_TOC_20140916_100M_V101",2014-09-16
"/data/MTDA/TIFFDERIVED/PROBAV_L3_S5_TOC_100M/2014/20140921/PROBAV_S5_TOC_20140921_100M_V101",2014-09-21
"/data/MTDA/TIFFDERIVED/PROBAV_L3_S5_TOC_100M/2014/20140926/PROBAV_S5_TOC_20140926_100M_V101",2014-09-26
"/data/MTDA/TIFFDERIVED/PROBAV_L3_S5_TOC_100M/2014/20141001/PROBAV_S5_TOC_20141001_100M_V101",2014-10-01
"/data/MTDA/TIFFDERIVED/PROBAV_L3_S5_TOC_100M/2014/20141006/PROBAV_S5_TOC_20141006_100M_V101",2014-10-06
"/data/MTDA/TIFFDERIVED/PROBAV_L3_S5_TOC_100M/2014/20141011/PROBAV_S5_TOC_20141011_100M_V101",2014-10-11
"/data/MTDA/TIFFDERIVED/PROBAV_L3_S5_TOC_100M/2014/20141016/PROBAV_S5_TOC_20141016_100M_V101",2014-10-16
"/data/MTDA/TIFFDERIVED/PROBAV_L3_S5_TOC_100M/2014/20141021/PROBAV_S5_TOC_20141021_100M_V101",2014-10-21
"/data/MTDA/TIFFDERIVED/PROBAV_L3_S5_TOC_100M/2014/20141026/PROBAV_S5_TOC_20141026_100M_V101",2014-10-26
"/data/MTDA/TIFFDERIVED/PROBAV_L3_S5_TOC_100M/2014/20141101/PROBAV_S5_TOC_20141101_100M_V101",2014-11-01
"/data/MTDA/TIFFDERIVED/PROBAV_L3_S5_TOC_100M/2014/20141106/PROBAV_S5_TOC_20141106_100M_V101",2014-11-06
"/data/MTDA/TIFFDERIVED/PROBAV_L3_S5_TOC_100M/2014/20141111/PROBAV_S5_TOC_20141111_100M_V101",2014-11-11
"/data/MTDA/TIFFDERIVED/PROBAV_L3_S5_TOC_100M/2014/20141116/PROBAV_S5_TOC_20141116_100M_V101",2014-11-16
"/data/MTDA/TIFFDERIVED/PROBAV_L3_S5_TOC_100M/2014/20141121/PROBAV_S5_TOC_20141121_100M_V101",2014-11-21
"/data/MTDA/TIFFDERIVED/PROBAV_L3_S5_TOC_100M/2014/20141126/PROBAV_S5_TOC_20141126_100M_V101",2014-11-26
"/data/MTDA/TIFFDERIVED/PROBAV_L3_S5_TOC_100M/2014/20141201/PROBAV_S5_TOC_20141201_100M_V101",2014-12-01
"/data/MTDA/TIFFDERIVED/PROBAV_L3_S5_TOC_100M/2014/20141206/PROBAV_S5_TOC_20141206_100M_V101",2014-12-06
"/data/MTDA/TIFFDERIVED/PROBAV_L3_S5_TOC_100M/2014/20141211/PROBAV_S5_TOC_20141211_100M_V101",2014-12-11
"/data/MTDA/TIFFDERIVED/PROBAV_L3_S5_TOC_100M/2014/20141216/PROBAV_S5_TOC_20141216_100M_V101",2014-12-16
"/data/MTDA/TIFFDERIVED/PROBAV_L3_S5_TOC_100M/2014/20141221/PROBAV_S5_TOC_20141221_100M_V101",2014-12-21
"/data/MTDA/TIFFDERIVED/PROBAV_L3_S5_TOC_100M/2014/20141226/PROBAV_S5_TOC_20141226_100M_V101",2014-12-26
"/data/MTDA/TIFFDERIVED/PROBAV_L3_S5_TOC_100M/2015/20150101/PROBAV_S5_TOC_20150101_100M_V101",2015-01-01
"/data/MTDA/TIFFDERIVED/PROBAV_L3_S5_TOC_100M/2015/20150106/PROBAV_S5_TOC_20150106_100M_V101",2015-01-06
"/data/MTDA/TIFFDERIVED/PROBAV_L3_S5_TOC_100M/2015/20150111/PROBAV_S5_TOC_20150111_100M_V101",2015-01-11
"/data/MTDA/TIFFDERIVED/PROBAV_L3_S5_TOC_100M/2015/20150116/PROBAV_S5_TOC_20150116_100M_V101",2015-01-16
"/data/MTDA/TIFFDERIVED/PROBAV_L3_S5_TOC_100M/2015/20150121/PROBAV_S5_TOC_20150121_100M_V101",2015-01-21
"/data/MTDA/TIFFDERIVED/PROBAV_L3_S5_TOC_100M/2015/20150126/PROBAV_S5_TOC_20150126_100M_V101",2015-01-26
"/data/MTDA/TIFFDERIVED/PROBAV_L3_S5_TOC_100M/2015/20150201/PROBAV_S5_TOC_20150201_100M_V101",2015-02-01
"/data/MTDA/TIFFDERIVED/PROBAV_L3_S5_TOC_100M/2015/20150206/PROBAV_S5_TOC_20150206_100M_V101",2015-02-06
"/data/MTDA/TIFFDERIVED/PROBAV_L3_S5_TOC_100M/2015/20150211/PROBAV_S5_TOC_20150211_100M_V101",2015-02-11
"/data/MTDA/TIFFDERIVED/PROBAV_L3_S5_TOC_100M/2015/20150216/PROBAV_S5_TOC_20150216_100M_V101",2015-02-16
"/data/MTDA/TIFFDERIVED/PROBAV_L3_S5_TOC_100M/2015/20150221/PROBAV_S5_TOC_20150221_100M_V101",2015-02-21
"/data/MTDA/TIFFDERIVED/PROBAV_L3_S5_TOC_100M/2015/20150226/PROBAV_S5_TOC_20150226_100M_V101",2015-02-26
"/data/MTDA/TIFFDERIVED/PROBAV_L3_S5_TOC_100M/2015/20150301/PROBAV_S5_TOC_20150301_100M_V101",2015-03-01
"/data/MTDA/TIFFDERIVED/PROBAV_L3_S5_TOC_100M/2015/20150306/PROBAV_S5_TOC_20150306_100M_V101",2015-03-06
"/data/MTDA/TIFFDERIVED/PROBAV_L3_S5_TOC_100M/2015/20150311/PROBAV_S5_TOC_20150311_100M_V101",2015-03-11
"/data/MTDA/TIFFDERIVED/PROBAV_L3_S5_TOC_100M/2015/20150316/PROBAV_S5_TOC_20150316_100M_V101",2015-03-16
"/data/MTDA/TIFFDERIVED/PROBAV_L3_S5_TOC_100M/2015/20150321/PROBAV_S5_TOC_20150321_100M_V101",2015-03-21
"/data/MTDA/TIFFDERIVED/PROBAV_L3_S5_TOC_100M/2015/20150326/PROBAV_S5_TOC_20150326_100M_V101",2015-03-26
"/data/MTDA/TIFFDERIVED/PROBAV_L3_S5_TOC_100M/2015/20150401/PROBAV_S5_TOC_20150401_100M_V101",2015-04-01
"/data/MTDA/TIFFDERIVED/PROBAV_L3_S5_TOC_100M/2015/20150406/PROBAV_S5_TOC_20150406_100M_V101",2015-04-06
"/data/MTDA/TIFFDERIVED/PROBAV_L3_S5_TOC_100M/2015/20150411/PROBAV_S5_TOC_20150411_100M_V101",2015-04-11
"/data/MTDA/TIFFDERIVED/PROBAV_L3_S5_TOC_100M/2015/20150416/PROBAV_S5_TOC_20150416_100M_V101",2015-04-16
"/data/MTDA/TIFFDERIVED/PROBAV_L3_S5_TOC_100M/2015/20150421/PROBAV_S5_TOC_20150421_100M_V101",2015-04-21
"/data/MTDA/TIFFDERIVED/PROBAV_L3_S5_TOC_100M/2015/20150426/PROBAV_S5_TOC_20150426_100M_V101",2015-04-26
"/data/MTDA/TIFFDERIVED/PROBAV_L3_S5_TOC_100M/2015/20150501/PROBAV_S5_TOC_20150501_100M_V101",2015-05-01
"/data/MTDA/TIFFDERIVED/PROBAV_L3_S5_TOC_100M/2015/20150506/PROBAV_S5_TOC_20150506_100M_V101",2015-05-06
"/data/MTDA/TIFFDERIVED/PROBAV_L3_S5_TOC_100M/2015/20150511/PROBAV_S5_TOC_20150511_100M_V101",2015-05-11
"/data/MTDA/TIFFDERIVED/PROBAV_L3_S5_TOC_100M/2015/20150516/PROBAV_S5_TOC_20150516_100M_V101",2015-05-16
"/data/MTDA/TIFFDERIVED/PROBAV_L3_S5_TOC_100M/2015/20150521/PROBAV_S5_TOC_20150521_100M_V101",2015-05-21
"/data/MTDA/TIFFDERIVED/PROBAV_L3_S5_TOC_100M/2015/20150526/PROBAV_S5_TOC_20150526_100M_V101",2015-05-26
"/data/MTDA/TIFFDERIVED/PROBAV_L3_S5_TOC_100M/2015/20150601/PROBAV_S5_TOC_20150601_100M_V101",2015-06-01
"/data/MTDA/TIFFDERIVED/PROBAV_L3_S5_TOC_100M/2015/20150606/PROBAV_S5_TOC_20150606_100M_V101",2015-06-06
"/data/MTDA/TIFFDERIVED/PROBAV_L3_S5_TOC_100M/2015/20150611/PROBAV_S5_TOC_20150611_100M_V101",2015-06-11
"/data/MTDA/TIFFDERIVED/PROBAV_L3_S5_TOC_100M/2015/20150616/PROBAV_S5_TOC_20150616_100M_V101",2015-06-16
"/data/MTDA/TIFFDERIVED/PROBAV_L3_S5_TOC_100M/2015/20150621/PROBAV_S5_TOC_20150621_100M_V101",2015-06-21
"/data/MTDA/TIFFDERIVED/PROBAV_L3_S5_TOC_100M/2015/20150626/PROBAV_S5_TOC_20150626_100M_V101",2015-06-26
"/data/MTDA/TIFFDERIVED/PROBAV_L3_S5_TOC_100M/2015/20150701/PROBAV_S5_TOC_20150701_100M_V101",2015-07-01
"/data/MTDA/TIFFDERIVED/PROBAV_L3_S5_TOC_100M/2015/20150706/PROBAV_S5_TOC_20150706_100M_V101",2015-07-06
"/data/MTDA/TIFFDERIVED/PROBAV_L3_S5_TOC_100M/2015/20150711/PROBAV_S5_TOC_20150711_100M_V101",2015-07-11
"/data/MTDA/TIFFDERIVED/PROBAV_L3_S5_TOC_100M/2015/20150716/PROBAV_S5_TOC_20150716_100M_V101",2015-07-16
"/data/MTDA/TIFFDERIVED/PROBAV_L3_S5_TOC_100M/2015/20150721/PROBAV_S5_TOC_20150721_100M_V101",2015-07-21
"/data/MTDA/TIFFDERIVED/PROBAV_L3_S5_TOC_100M/2015/20150726/PROBAV_S5_TOC_20150726_100M_V101",2015-07-26
"/data/MTDA/TIFFDERIVED/PROBAV_L3_S5_TOC_100M/2015/20150801/PROBAV_S5_TOC_20150801_100M_V101",2015-08-01
"/data/MTDA/TIFFDERIVED/PROBAV_L3_S5_TOC_100M/2015/20150806/PROBAV_S5_TOC_20150806_100M_V101",2015-08-06
"/data/MTDA/TIFFDERIVED/PROBAV_L3_S5_TOC_100M/2015/20150811/PROBAV_S5_TOC_20150811_100M_V101",2015-08-11
"/data/MTDA/TIFFDERIVED/PROBAV_L3_S5_TOC_100M/2015/20150816/PROBAV_S5_TOC_20150816_100M_V101",2015-08-16
"/data/MTDA/TIFFDERIVED/PROBAV_L3_S5_TOC_100M/2015/20150821/PROBAV_S5_TOC_20150821_100M_V101",2015-08-21
"/data/MTDA/TIFFDERIVED/PROBAV_L3_S5_TOC_100M/2015/20150826/PROBAV_S5_TOC_20150826_100M_V101",2015-08-26
"/data/MTDA/TIFFDERIVED/PROBAV_L3_S5_TOC_100M/2015/20150901/PROBAV_S5_TOC_20150901_100M_V101",2015-09-01
"/data/MTDA/TIFFDERIVED/PROBAV_L3_S5_TOC_100M/2015/20150906/PROBAV_S5_TOC_20150906_100M_V101",2015-09-06
"/data/MTDA/TIFFDERIVED/PROBAV_L3_S5_TOC_100M/2015/20150911/PROBAV_S5_TOC_20150911_100M_V101",2015-09-11
"/data/MTDA/TIFFDERIVED/PROBAV_L3_S5_TOC_100M/2015/20150916/PROBAV_S5_TOC_20150916_100M_V101",2015-09-16
"/data/MTDA/TIFFDERIVED/PROBAV_L3_S5_TOC_100M/2015/20150921/PROBAV_S5_TOC_20150921_100M_V101",2015-09-21
"/data/MTDA/TIFFDERIVED/PROBAV_L3_S5_TOC_100M/2015/20150926/PROBAV_S5_TOC_20150926_100M_V101",2015-09-26
"/data/MTDA/TIFFDERIVED/PROBAV_L3_S5_TOC_100M/2015/20151001/PROBAV_S5_TOC_20151001_100M_V101",2015-10-01
"/data/MTDA/TIFFDERIVED/PROBAV_L3_S5_TOC_100M/2015/20151006/PROBAV_S5_TOC_20151006_100M_V101",2015-10-06
"/data/MTDA/TIFFDERIVED/PROBAV_L3_S5_TOC_100M/2015/20151011/PROBAV_S5_TOC_20151011_100M_V101",2015-10-11
"/data/MTDA/TIFFDERIVED/PROBAV_L3_S5_TOC_100M/2015/20151016/PROBAV_S5_TOC_20151016_100M_V101",2015-10-16
"/data/MTDA/TIFFDERIVED/PROBAV_L3_S5_TOC_100M/2015/20151021/PROBAV_S5_TOC_20151021_100M_V101",2015-10-21
"/data/MTDA/TIFFDERIVED/PROBAV_L3_S5_TOC_100M/2015/20151026/PROBAV_S5_TOC_20151026_100M_V101",2015-10-26
"/data/MTDA/TIFFDERIVED/PROBAV_L3_S5_TOC_100M/2015/20151101/PROBAV_S5_TOC_20151101_100M_V101",2015-11-01
"/data/MTDA/TIFFDERIVED/PROBAV_L3_S5_TOC_100M/2015/20151106/PROBAV_S5_TOC_20151106_100M_V101",2015-11-06
"/data/MTDA/TIFFDERIVED/PROBAV_L3_S5_TOC_100M/2015/20151111/PROBAV_S5_TOC_20151111_100M_V101",2015-11-11
"/data/MTDA/TIFFDERIVED/PROBAV_L3_S5_TOC_100M/2015/20151116/PROBAV_S5_TOC_20151116_100M_V101",2015-11-16
"/data/MTDA/TIFFDERIVED/PROBAV_L3_S5_TOC_100M/2015/20151121/PROBAV_S5_TOC_20151121_100M_V101",2015-11-21
"/data/MTDA/TIFFDERIVED/PROBAV_L3_S5_TOC_100M/2015/20151126/PROBAV_S5_TOC_20151126_100M_V101",2015-11-26
"/data/MTDA/TIFFDERIVED/PROBAV_L3_S5_TOC_100M/2015/20151201/PROBAV_S5_TOC_20151201_100M_V101",2015-12-01
"/data/MTDA/TIFFDERIVED/PROBAV_L3_S5_TOC_100M/2015/20151206/PROBAV_S5_TOC_20151206_100M_V101",2015-12-06
"/data/MTDA/TIFFDERIVED/PROBAV_L3_S5_TOC_100M/2015/20151211/PROBAV_S5_TOC_20151211_100M_V101",2015-12-11
"/data/MTDA/TIFFDERIVED/PROBAV_L3_S5_TOC_100M/2015/20151216/PROBAV_S5_TOC_20151216_100M_V101",2015-12-16
"/data/MTDA/TIFFDERIVED/PROBAV_L3_S5_TOC_100M/2015/20151221/PROBAV_S5_TOC_20151221_100M_V101",2015-12-21
"/data/MTDA/TIFFDERIVED/PROBAV_L3_S5_TOC_100M/2015/20151226/PROBAV_S5_TOC_20151226_100M_V101",2015-12-26
"/data/MTDA/TIFFDERIVED/PROBAV_L3_S5_TOC_100M/2016/20160101/PROBAV_S5_TOC_20160101_100M_V101",2016-01-01
"/data/MTDA/TIFFDERIVED/PROBAV_L3_S5_TOC_100M/2016/20160106/PROBAV_S5_TOC_20160106_100M_V101",2016-01-06
"/data/MTDA/TIFFDERIVED/PROBAV_L3_S5_TOC_100M/2016/20160111/PROBAV_S5_TOC_20160111_100M_V101",2016-01-11
"/data/MTDA/TIFFDERIVED/PROBAV_L3_S5_TOC_100M/2016/20160116/PROBAV_S5_TOC_20160116_100M_V101",2016-01-16
"/data/MTDA/TIFFDERIVED/PROBAV_L3_S5_TOC_100M/2016/20160121/PROBAV_S5_TOC_20160121_100M_V101",2016-01-21
"/data/MTDA/TIFFDERIVED/PROBAV_L3_S5_TOC_100M/2016/20160126/PROBAV_S5_TOC_20160126_100M_V101",2016-01-26
"/data/MTDA/TIFFDERIVED/PROBAV_L3_S5_TOC_100M/2016/20160201/PROBAV_S5_TOC_20160201_100M_V101",2016-02-01
"/data/MTDA/TIFFDERIVED/PROBAV_L3_S5_TOC_100M/2016/20160206/PROBAV_S5_TOC_20160206_100M_V101",2016-02-06
"/data/MTDA/TIFFDERIVED/PROBAV_L3_S5_TOC_100M/2016/20160211/PROBAV_S5_TOC_20160211_100M_V101",2016-02-11
"/data/MTDA/TIFFDERIVED/PROBAV_L3_S5_TOC_100M/2016/20160216/PROBAV_S5_TOC_20160216_100M_V101",2016-02-16
"/data/MTDA/TIFFDERIVED/PROBAV_L3_S5_TOC_100M/2016/20160221/PROBAV_S5_TOC_20160221_100M_V101",2016-02-21
"/data/MTDA/TIFFDERIVED/PROBAV_L3_S5_TOC_100M/2016/20160301/PROBAV_S5_TOC_20160301_100M_V101",2016-03-01
"/data/MTDA/TIFFDERIVED/PROBAV_L3_S5_TOC_100M/2016/20160306/PROBAV_S5_TOC_20160306_100M_V101",2016-03-06
"/data/MTDA/TIFFDERIVED/PROBAV_L3_S5_TOC_100M/2016/20160311/PROBAV_S5_TOC_20160311_100M_V101",2016-03-11
"/data/MTDA/TIFFDERIVED/PROBAV_L3_S5_TOC_100M/2016/20160316/PROBAV_S5_TOC_20160316_100M_V101",2016-03-16
"/data/MTDA/TIFFDERIVED/PROBAV_L3_S5_TOC_100M/2016/20160321/PROBAV_S5_TOC_20160321_100M_V101",2016-03-21
"/data/MTDA/TIFFDERIVED/PROBAV_L3_S5_TOC_100M/2016/20160326/PROBAV_S5_TOC_20160326_100M_V101",2016-03-26
"/data/MTDA/TIFFDERIVED/PROBAV_L3_S5_TOC_100M/2016/20160401/PROBAV_S5_TOC_20160401_100M_V101",2016-04-01
"/data/MTDA/TIFFDERIVED/PROBAV_L3_S5_TOC_100M/2016/20160406/PROBAV_S5_TOC_20160406_100M_V101",2016-04-06
"/data/MTDA/TIFFDERIVED/PROBAV_L3_S5_TOC_100M/2016/20160411/PROBAV_S5_TOC_20160411_100M_V101",2016-04-11
"/data/MTDA/TIFFDERIVED/PROBAV_L3_S5_TOC_100M/2016/20160416/PROBAV_S5_TOC_20160416_100M_V101",2016-04-16
"/data/MTDA/TIFFDERIVED/PROBAV_L3_S5_TOC_100M/2016/20160421/PROBAV_S5_TOC_20160421_100M_V101",2016-04-21
"/data/MTDA/TIFFDERIVED/PROBAV_L3_S5_TOC_100M/2016/20160426/PROBAV_S5_TOC_20160426_100M_V101",2016-04-26
"/data/MTDA/TIFFDERIVED/PROBAV_L3_S5_TOC_100M/2016/20160501/PROBAV_S5_TOC_20160501_100M_V101",2016-05-01
"/data/MTDA/TIFFDERIVED/PROBAV_L3_S5_TOC_100M/2016/20160506/PROBAV_S5_TOC_20160506_100M_V101",2016-05-06
"/data/MTDA/TIFFDERIVED/PROBAV_L3_S5_TOC_100M/2016/20160511/PROBAV_S5_TOC_20160511_100M_V101",2016-05-11
"/data/MTDA/TIFFDERIVED/PROBAV_L3_S5_TOC_100M/2016/20160516/PROBAV_S5_TOC_20160516_100M_V101",2016-05-16
"/data/MTDA/TIFFDERIVED/PROBAV_L3_S5_TOC_100M/2016/20160521/PROBAV_S5_TOC_20160521_100M_V101",2016-05-21
"/data/MTDA/TIFFDERIVED/PROBAV_L3_S5_TOC_100M/2016/20160526/PROBAV_S5_TOC_20160526_100M_V101",2016-05-26
"/data/MTDA/TIFFDERIVED/PROBAV_L3_S5_TOC_100M/2016/20160601/PROBAV_S5_TOC_20160601_100M_V101",2016-06-01
"/data/MTDA/TIFFDERIVED/PROBAV_L3_S5_TOC_100M/2016/20160611/PROBAV_S5_TOC_20160611_100M_V101",2016-06-11
"/data/MTDA/TIFFDERIVED/PROBAV_L3_S5_TOC_100M/2016/20160616/PROBAV_S5_TOC_20160616_100M_V101",2016-06-16
"/data/MTDA/TIFFDERIVED/PROBAV_L3_S5_TOC_100M/2016/20160621/PROBAV_S5_TOC_20160621_100M_V101",2016-06-21
"/data/MTDA/TIFFDERIVED/PROBAV_L3_S5_TOC_100M/2016/20160626/PROBAV_S5_TOC_20160626_100M_V101",2016-06-26
"/data/MTDA/TIFFDERIVED/PROBAV_L3_S5_TOC_100M/2016/20160701/PROBAV_S5_TOC_20160701_100M_V101",2016-07-01
"/data/MTDA/TIFFDERIVED/PROBAV_L3_S5_TOC_100M/2016/20160706/PROBAV_S5_TOC_20160706_100M_V101",2016-07-06
"/data/MTDA/TIFFDERIVED/PROBAV_L3_S5_TOC_100M/2016/20160711/PROBAV_S5_TOC_20160711_100M_V101",2016-07-11
"/data/MTDA/TIFFDERIVED/PROBAV_L3_S5_TOC_100M/2016/20160716/PROBAV_S5_TOC_20160716_100M_V102",2016-07-16
"/data/MTDA/TIFFDERIVED/PROBAV_L3_S5_TOC_100M/2016/20160721/PROBAV_S5_TOC_20160721_100M_V102",2016-07-21
"/data/MTDA/TIFFDERIVED/PROBAV_L3_S5_TOC_100M/2016/20160726/PROBAV_S5_TOC_20160726_100M_V102",2016-07-26
"/data/MTDA/TIFFDERIVED/PROBAV_L3_S5_TOC_100M/2016/20160801/PROBAV_S5_TOC_20160801_100M_V101",2016-08-01
"/data/MTDA/TIFFDERIVED/PROBAV_L3_S5_TOC_100M/2016/20160806/PROBAV_S5_TOC_20160806_100M_V101",2016-08-06
"/data/MTDA/TIFFDERIVED/PROBAV_L3_S5_TOC_100M/2016/20160811/PROBAV_S5_TOC_20160811_100M_V101",2016-08-11
"/data/MTDA/TIFFDERIVED/PROBAV_L3_S5_TOC_100M/2016/20160816/PROBAV_S5_TOC_20160816_100M_V101",2016-08-16
"/data/MTDA/TIFFDERIVED/PROBAV_L3_S5_TOC_100M/2016/20160821/PROBAV_S5_TOC_20160821_100M_V101",2016-08-21
"/data/MTDA/TIFFDERIVED/PROBAV_L3_S5_TOC_100M/2016/20160826/PROBAV_S5_TOC_20160826_100M_V101",2016-08-26
"/data/MTDA/TIFFDERIVED/PROBAV_L3_S5_TOC_100M/2016/20160901/PROBAV_S5_TOC_20160901_100M_V102",2016-09-01
"/data/MTDA/TIFFDERIVED/PROBAV_L3_S5_TOC_100M/2016/20160906/PROBAV_S5_TOC_20160906_100M_V102",2016-09-06
"/data/MTDA/TIFFDERIVED/PROBAV_L3_S5_TOC_100M/2016/20160911/PROBAV_S5_TOC_20160911_100M_V102",2016-09-11
"/data/MTDA/TIFFDERIVED/PROBAV_L3_S5_TOC_100M/2016/20160916/PROBAV_S5_TOC_20160916_100M_V102",2016-09-16
"/data/MTDA/TIFFDERIVED/PROBAV_L3_S5_TOC_100M/2016/20160921/PROBAV_S5_TOC_20160921_100M_V102",2016-09-21
"/data/MTDA/TIFFDERIVED/PROBAV_L3_S5_TOC_100M/2016/20160926/PROBAV_S5_TOC_20160926_100M_V102",2016-09-26
"/data/MTDA/TIFFDERIVED/PROBAV_L3_S5_TOC_100M/2016/20161001/PROBAV_S5_TOC_20161001_100M_V102",2016-10-01
"/data/MTDA/TIFFDERIVED/PROBAV_L3_S5_TOC_100M/2016/20161006/PROBAV_S5_TOC_20161006_100M_V102",2016-10-06
"/data/MTDA/TIFFDERIVED/PROBAV_L3_S5_TOC_100M/2016/20161011/PROBAV_S5_TOC_20161011_100M_V102",2016-10-11
"/data/MTDA/TIFFDERIVED/PROBAV_L3_S5_TOC_100M/2016/20161016/PROBAV_S5_TOC_20161016_100M_V102",2016-10-16
"/data/MTDA/TIFFDERIVED/PROBAV_L3_S5_TOC_100M/2016/20161021/PROBAV_S5_TOC_20161021_100M_V102",2016-10-21
"/data/MTDA/TIFFDERIVED/PROBAV_L3_S5_TOC_100M/2016/20161026/PROBAV_S5_TOC_20161026_100M_V102",2016-10-26
"/data/MTDA/TIFFDERIVED/PROBAV_L3_S5_TOC_100M/2016/20161101/PROBAV_S5_TOC_20161101_100M_V102",2016-11-01
"/data/MTDA/TIFFDERIVED/PROBAV_L3_S5_TOC_100M/2016/20161106/PROBAV_S5_TOC_20161106_100M_V102",2016-11-06
"/data/MTDA/TIFFDERIVED/PROBAV_L3_S5_TOC_100M/2016/20161111/PROBAV_S5_TOC_20161111_100M_V102",2016-11-11
"/data/MTDA/TIFFDERIVED/PROBAV_L3_S5_TOC_100M/2016/20161116/PROBAV_S5_TOC_20161116_100M_V102",2016-11-16
"/data/MTDA/TIFFDERIVED/PROBAV_L3_S5_TOC_100M/2016/20161121/PROBAV_S5_TOC_20161121_100M_V102",2016-11-21
"/data/MTDA/TIFFDERIVED/PROBAV_L3_S5_TOC_100M/2016/20161126/PROBAV_S5_TOC_20161126_100M_V102",2016-11-26
"/data/MTDA/TIFFDERIVED/PROBAV_L3_S5_TOC_100M/2016/20161201/PROBAV_S5_TOC_20161201_100M_V102",2016-12-01
"/data/MTDA/TIFFDERIVED/PROBAV_L3_S5_TOC_100M/2016/20161206/PROBAV_S5_TOC_20161206_100M_V101",2016-12-06
"/data/MTDA/TIFFDERIVED/PROBAV_L3_S5_TOC_100M/2016/20161211/PROBAV_S5_TOC_20161211_100M_V101",2016-12-11
"/data/MTDA/TIFFDERIVED/PROBAV_L3_S5_TOC_100M/2016/20161216/PROBAV_S5_TOC_20161216_100M_V101",2016-12-16
"/data/MTDA/TIFFDERIVED/PROBAV_L3_S5_TOC_100M/2016/20161221/PROBAV_S5_TOC_20161221_100M_V101",2016-12-21
"/data/MTDA/TIFFDERIVED/PROBAV_L3_S5_TOC_100M/2016/20161226/PROBAV_S5_TOC_20161226_100M_V101",2016-12-26
"/data/MTDA/TIFFDERIVED/PROBAV_L3_S5_TOC_100M/2017/20170101/PROBAV_S5_TOC_20170101_100M_V101",2017-01-01
"/data/MTDA/TIFFDERIVED/PROBAV_L3_S5_TOC_100M/2017/20170106/PROBAV_S5_TOC_20170106_100M_V101",2017-01-06
"/data/MTDA/TIFFDERIVED/PROBAV_L3_S5_TOC_100M/2017/20170111/PROBAV_S5_TOC_20170111_100M_V101",2017-01-11
"/data/MTDA/TIFFDERIVED/PROBAV_L3_S5_TOC_100M/2017/20170116/PROBAV_S5_TOC_20170116_100M_V101",2017-01-16
"/data/MTDA/TIFFDERIVED/PROBAV_L3_S5_TOC_100M/2017/20170121/PROBAV_S5_TOC_20170121_100M_V101",2017-01-21
"/data/MTDA/TIFFDERIVED/PROBAV_L3_S5_TOC_100M/2017/20170126/PROBAV_S5_TOC_20170126_100M_V101",2017-01-26
"/data/MTDA/TIFFDERIVED/PROBAV_L3_S5_TOC_100M/2017/20170201/PROBAV_S5_TOC_20170201_100M_V101",2017-02-01
"/data/MTDA/TIFFDERIVED/PROBAV_L3_S5_TOC_100M/2017/20170206/PROBAV_S5_TOC_20170206_100M_V101",2017-02-06
"/data/MTDA/TIFFDERIVED/PROBAV_L3_S5_TOC_100M/2017/20170211/PROBAV_S5_TOC_20170211_100M_V101",2017-02-11
"/data/MTDA/TIFFDERIVED/PROBAV_L3_S5_TOC_100M/2017/20170216/PROBAV_S5_TOC_20170216_100M_V101",2017-02-16
"/data/MTDA/TIFFDERIVED/PROBAV_L3_S5_TOC_100M/2017/20170221/PROBAV_S5_TOC_20170221_100M_V101",2017-02-21
"/data/MTDA/TIFFDERIVED/PROBAV_L3_S5_TOC_100M/2017/20170226/PROBAV_S5_TOC_20170226_100M_V101",2017-02-26
"/data/MTDA/TIFFDERIVED/PROBAV_L3_S5_TOC_100M/2017/20170301/PROBAV_S5_TOC_20170301_100M_V101",2017-03-01
"/data/MTDA/TIFFDERIVED/PROBAV_L3_S5_TOC_100M/2017/20170306/PROBAV_S5_TOC_20170306_100M_V101",2017-03-06
"/data/MTDA/TIFFDERIVED/PROBAV_L3_S5_TOC_100M/2017/20170311/PROBAV_S5_TOC_20170311_100M_V101",2017-03-11
"/data/MTDA/TIFFDERIVED/PROBAV_L3_S5_TOC_100M/2017/20170316/PROBAV_S5_TOC_20170316_100M_V101",2017-03-16
"/data/MTDA/TIFFDERIVED/PROBAV_L3_S5_TOC_100M/2017/20170321/PROBAV_S5_TOC_20170321_100M_V101",2017-03-21
"/data/MTDA/TIFFDERIVED/PROBAV_L3_S5_TOC_100M/2017/20170326/PROBAV_S5_TOC_20170326_100M_V101",2017-03-26
"/data/MTDA/TIFFDERIVED/PROBAV_L3_S5_TOC_100M/2017/20170401/PROBAV_S5_TOC_20170401_100M_V101",2017-04-01
"/data/MTDA/TIFFDERIVED/PROBAV_L3_S5_TOC_100M/2017/20170406/PROBAV_S5_TOC_20170406_100M_V101",2017-04-06
"/data/MTDA/TIFFDERIVED/PROBAV_L3_S5_TOC_100M/2017/20170411/PROBAV_S5_TOC_20170411_100M_V101",2017-04-11
"/data/MTDA/TIFFDERIVED/PROBAV_L3_S5_TOC_100M/2017/20170416/PROBAV_S5_TOC_20170416_100M_V101",2017-04-16
"/data/MTDA/TIFFDERIVED/PROBAV_L3_S5_TOC_100M/2017/20170421/PROBAV_S5_TOC_20170421_100M_V101",2017-04-21
"/data/MTDA/TIFFDERIVED/PROBAV_L3_S5_TOC_100M/2017/20170426/PROBAV_S5_TOC_20170426_100M_V101",2017-04-26
"/data/MTDA/TIFFDERIVED/PROBAV_L3_S5_TOC_100M/2017/20170501/PROBAV_S5_TOC_20170501_100M_V101",2017-05-01
"/data/MTDA/TIFFDERIVED/PROBAV_L3_S5_TOC_100M/2017/20170506/PROBAV_S5_TOC_20170506_100M_V101",2017-05-06
"/data/MTDA/TIFFDERIVED/PROBAV_L3_S5_TOC_100M/2017/20170511/PROBAV_S5_TOC_20170511_100M_V101",2017-05-11
"/data/MTDA/TIFFDERIVED/PROBAV_L3_S5_TOC_100M/2017/20170516/PROBAV_S5_TOC_20170516_100M_V101",2017-05-16
"/data/MTDA/TIFFDERIVED/PROBAV_L3_S5_TOC_100M/2017/20170521/PROBAV_S5_TOC_20170521_100M_V101",2017-05-21
"/data/MTDA/TIFFDERIVED/PROBAV_L3_S5_TOC_100M/2017/20170526/PROBAV_S5_TOC_20170526_100M_V101",2017-05-26
"/data/MTDA/TIFFDERIVED/PROBAV_L3_S5_TOC_100M/2017/20170601/PROBAV_S5_TOC_20170601_100M_V101",2017-06-01
"/data/MTDA/TIFFDERIVED/PROBAV_L3_S5_TOC_100M/2017/20170606/PROBAV_S5_TOC_20170606_100M_V101",2017-06-06
"/data/MTDA/TIFFDERIVED/PROBAV_L3_S5_TOC_100M/2017/20170611/PROBAV_S5_TOC_20170611_100M_V101",2017-06-11
"/data/MTDA/TIFFDERIVED/PROBAV_L3_S5_TOC_100M/2017/20170616/PROBAV_S5_TOC_20170616_100M_V101",2017-06-16
"/data/MTDA/TIFFDERIVED/PROBAV_L3_S5_TOC_100M/2017/20170621/PROBAV_S5_TOC_20170621_100M_V101",2017-06-21
"/data/MTDA/TIFFDERIVED/PROBAV_L3_S5_TOC_100M/2017/20170626/PROBAV_S5_TOC_20170626_100M_V101",2017-06-26
"/data/MTDA/TIFFDERIVED/PROBAV_L3_S5_TOC_100M/2017/20170701/PROBAV_S5_TOC_20170701_100M_V101",2017-07-01
"/data/MTDA/TIFFDERIVED/PROBAV_L3_S5_TOC_100M/2017/20170706/PROBAV_S5_TOC_20170706_100M_V101",2017-07-06
"/data/MTDA/TIFFDERIVED/PROBAV_L3_S5_TOC_100M/2017/20170711/PROBAV_S5_TOC_20170711_100M_V101",2017-07-11
"/data/MTDA/TIFFDERIVED/PROBAV_L3_S5_TOC_100M/2017/20170716/PROBAV_S5_TOC_20170716_100M_V101",2017-07-16
"/data/MTDA/TIFFDERIVED/PROBAV_L3_S5_TOC_100M/2017/20170721/PROBAV_S5_TOC_20170721_100M_V101",2017-07-21
"/data/MTDA/TIFFDERIVED/PROBAV_L3_S5_TOC_100M/2017/20170726/PROBAV_S5_TOC_20170726_100M_V101",2017-07-26
"/data/MTDA/TIFFDERIVED/PROBAV_L3_S5_TOC_100M/2017/20170801/PROBAV_S5_TOC_20170801_100M_V101",2017-08-01
"/data/MTDA/TIFFDERIVED/PROBAV_L3_S5_TOC_100M/2017/20170806/PROBAV_S5_TOC_20170806_100M_V101",2017-08-06
"/data/MTDA/TIFFDERIVED/PROBAV_L3_S5_TOC_100M/2017/20170811/PROBAV_S5_TOC_20170811_100M_V101",2017-08-11
"/data/MTDA/TIFFDERIVED/PROBAV_L3_S5_TOC_100M/2017/20170816/PROBAV_S5_TOC_20170816_100M_V101",2017-08-16
"/data/MTDA/TIFFDERIVED/PROBAV_L3_S5_TOC_100M/2017/20170821/PROBAV_S5_TOC_20170821_100M_V101",2017-08-21
"/data/MTDA/TIFFDERIVED/PROBAV_L3_S5_TOC_100M/2017/20170826/PROBAV_S5_TOC_20170826_100M_V101",2017-08-26
"/data/MTDA/TIFFDERIVED/PROBAV_L3_S5_TOC_100M/2017/20170901/PROBAV_S5_TOC_20170901_100M_V101",2017-09-01
"/data/MTDA/TIFFDERIVED/PROBAV_L3_S5_TOC_100M/2017/20170906/PROBAV_S5_TOC_20170906_100M_V101",2017-09-06
"/data/MTDA/TIFFDERIVED/PROBAV_L3_S5_TOC_100M/2017/20170911/PROBAV_S5_TOC_20170911_100M_V101",2017-09-11
"/data/MTDA/TIFFDERIVED/PROBAV_L3_S5_TOC_100M/2017/20170916/PROBAV_S5_TOC_20170916_100M_V101",2017-09-16
"/data/MTDA/TIFFDERIVED/PROBAV_L3_S5_TOC_100M/2017/20170921/PROBAV_S5_TOC_20170921_100M_V101",2017-09-21
"/data/MTDA/TIFFDERIVED/PROBAV_L3_S5_TOC_100M/2017/20170926/PROBAV_S5_TOC_20170926_100M_V101",2017-09-26
"/data/MTDA/TIFFDERIVED/PROBAV_L3_S5_TOC_100M/2017/20171001/PROBAV_S5_TOC_20171001_100M_V101",2017-10-01
"/data/MTDA/TIFFDERIVED/PROBAV_L3_S5_TOC_100M/2017/20171006/PROBAV_S5_TOC_20171006_100M_V101",2017-10-06
"/data/MTDA/TIFFDERIVED/PROBAV_L3_S5_TOC_100M/2017/20171011/PROBAV_S5_TOC_20171011_100M_V101",2017-10-11
"/data/MTDA/TIFFDERIVED/PROBAV_L3_S5_TOC_100M/2017/20171016/PROBAV_S5_TOC_20171016_100M_V101",2017-10-16
"/data/MTDA/TIFFDERIVED/PROBAV_L3_S5_TOC_100M/2017/20171021/PROBAV_S5_TOC_20171021_100M_V101",2017-10-21
"/data/MTDA/TIFFDERIVED/PROBAV_L3_S5_TOC_100M/2017/20171026/PROBAV_S5_TOC_20171026_100M_V101",2017-10-26
"/data/MTDA/TIFFDERIVED/PROBAV_L3_S5_TOC_100M/2017/20171101/PROBAV_S5_TOC_20171101_100M_V101",2017-11-01
"/data/MTDA/TIFFDERIVED/PROBAV_L3_S5_TOC_100M/2017/20171106/PROBAV_S5_TOC_20171106_100M_V101",2017-11-06
"/data/MTDA/TIFFDERIVED/PROBAV_L3_S5_TOC_100M/2017/20171111/PROBAV_S5_TOC_20171111_100M_V101",2017-11-11
"/data/MTDA/TIFFDERIVED/PROBAV_L3_S5_TOC_100M/2017/20171116/PROBAV_S5_TOC_20171116_100M_V101",2017-11-16
"/data/MTDA/TIFFDERIVED/PROBAV_L3_S5_TOC_100M/2017/20171121/PROBAV_S5_TOC_20171121_100M_V101",2017-11-21
"/data/MTDA/TIFFDERIVED/PROBAV_L3_S5_TOC_100M/2017/20171126/PROBAV_S5_TOC_20171126_100M_V101",2017-11-26
"/data/MTDA/TIFFDERIVED/PROBAV_L3_S5_TOC_100M/2017/20171201/PROBAV_S5_TOC_20171201_100M_V101",2017-12-01
"/data/MTDA/TIFFDERIVED/PROBAV_L3_S5_TOC_100M/2017/20171206/PROBAV_S5_TOC_20171206_100M_V101",2017-12-06
"/data/MTDA/TIFFDERIVED/PROBAV_L3_S5_TOC_100M/2017/20171211/PROBAV_S5_TOC_20171211_100M_V101",2017-12-11
"/data/MTDA/TIFFDERIVED/PROBAV_L3_S5_TOC_100M/2017/20171216/PROBAV_S5_TOC_20171216_100M_V101",2017-12-16
"/data/MTDA/TIFFDERIVED/PROBAV_L3_S5_TOC_100M/2017/20171221/PROBAV_S5_TOC_20171221_100M_V101",2017-12-21
"/data/MTDA/TIFFDERIVED/PROBAV_L3_S5_TOC_100M/2017/20171226/PROBAV_S5_TOC_20171226_100M_V101",2017-12-26
"/data/MTDA/TIFFDERIVED/PROBAV_L3_S5_TOC_100M/2018/20180101/PROBAV_S5_TOC_20180101_100M_V101",2018-01-01
"/data/MTDA/TIFFDERIVED/PROBAV_L3_S5_TOC_100M/2018/20180106/PROBAV_S5_TOC_20180106_100M_V101",2018-01-06
"/data/MTDA/TIFFDERIVED/PROBAV_L3_S5_TOC_100M/2018/20180111/PROBAV_S5_TOC_20180111_100M_V101",2018-01-11
"/data/MTDA/TIFFDERIVED/PROBAV_L3_S5_TOC_100M/2018/20180116/PROBAV_S5_TOC_20180116_100M_V101",2018-01-16
"/data/MTDA/TIFFDERIVED/PROBAV_L3_S5_TOC_100M/2018/20180121/PROBAV_S5_TOC_20180121_100M_V101",2018-01-21
"/data/MTDA/TIFFDERIVED/PROBAV_L3_S5_TOC_100M/2018/20180126/PROBAV_S5_TOC_20180126_100M_V101",2018-01-26
"/data/MTDA/TIFFDERIVED/PROBAV_L3_S5_TOC_100M/2018/20180201/PROBAV_S5_TOC_20180201_100M_V101",2018-02-01
"/data/MTDA/TIFFDERIVED/PROBAV_L3_S5_TOC_100M/2018/20180206/PROBAV_S5_TOC_20180206_100M_V101",2018-02-06
"/data/MTDA/TIFFDERIVED/PROBAV_L3_S5_TOC_100M/2018/20180211/PROBAV_S5_TOC_20180211_100M_V101",2018-02-11
"/data/MTDA/TIFFDERIVED/PROBAV_L3_S5_TOC_100M/2018/20180216/PROBAV_S5_TOC_20180216_100M_V101",2018-02-16
"/data/MTDA/TIFFDERIVED/PROBAV_L3_S5_TOC_100M/2018/20180221/PROBAV_S5_TOC_20180221_100M_V101",2018-02-21
"/data/MTDA/TIFFDERIVED/PROBAV_L3_S5_TOC_100M/2018/20180301/PROBAV_S5_TOC_20180301_100M_V101",2018-03-01
"/data/MTDA/TIFFDERIVED/PROBAV_L3_S5_TOC_100M/2018/20180306/PROBAV_S5_TOC_20180306_100M_V101",2018-03-06
"/data/MTDA/TIFFDERIVED/PROBAV_L3_S5_TOC_100M/2018/20180311/PROBAV_S5_TOC_20180311_100M_V101",2018-03-11
"/data/MTDA/TIFFDERIVED/PROBAV_L3_S5_TOC_100M/2018/20180316/PROBAV_S5_TOC_20180316_100M_V101",2018-03-16
"/data/MTDA/TIFFDERIVED/PROBAV_L3_S5_TOC_100M/2018/20180321/PROBAV_S5_TOC_20180321_100M_V101",2018-03-21
"/data/MTDA/TIFFDERIVED/PROBAV_L3_S5_TOC_100M/2018/20180326/PROBAV_S5_TOC_20180326_100M_V101",2018-03-26
"/data/MTDA/TIFFDERIVED/PROBAV_L3_S5_TOC_100M/2018/20180401/PROBAV_S5_TOC_20180401_100M_V101",2018-04-01
"/data/MTDA/TIFFDERIVED/PROBAV_L3_S5_TOC_100M/2018/20180406/PROBAV_S5_TOC_20180406_100M_V101",2018-04-06
"/data/MTDA/TIFFDERIVED/PROBAV_L3_S5_TOC_100M/2018/20180411/PROBAV_S5_TOC_20180411_100M_V101",2018-04-11
"/data/MTDA/TIFFDERIVED/PROBAV_L3_S5_TOC_100M/2018/20180416/PROBAV_S5_TOC_20180416_100M_V102",2018-04-16
"/data/MTDA/TIFFDERIVED/PROBAV_L3_S5_TOC_100M/2018/20180421/PROBAV_S5_TOC_20180421_100M_V101",2018-04-21
"/data/MTDA/TIFFDERIVED/PROBAV_L3_S5_TOC_100M/2018/20180426/PROBAV_S5_TOC_20180426_100M_V101",2018-04-26
"/data/MTDA/TIFFDERIVED/PROBAV_L3_S5_TOC_100M/2018/20180501/PROBAV_S5_TOC_20180501_100M_V101",2018-05-01
"/data/MTDA/TIFFDERIVED/PROBAV_L3_S5_TOC_100M/2018/20180506/PROBAV_S5_TOC_20180506_100M_V101",2018-05-06
"/data/MTDA/TIFFDERIVED/PROBAV_L3_S5_TOC_100M/2018/20180511/PROBAV_S5_TOC_20180511_100M_V101",2018-05-11
"/data/MTDA/TIFFDERIVED/PROBAV_L3_S5_TOC_100M/2018/20180516/PROBAV_S5_TOC_20180516_100M_V101",2018-05-16
"/data/MTDA/TIFFDERIVED/PROBAV_L3_S5_TOC_100M/2018/20180521/PROBAV_S5_TOC_20180521_100M_V101",2018-05-21
"/data/MTDA/TIFFDERIVED/PROBAV_L3_S5_TOC_100M/2018/20180526/PROBAV_S5_TOC_20180526_100M_V101",2018-05-26
"/data/MTDA/TIFFDERIVED/PROBAV_L3_S5_TOC_100M/2018/20180601/PROBAV_S5_TOC_20180601_100M_V101",2018-06-01
"/data/MTDA/TIFFDERIVED/PROBAV_L3_S5_TOC_100M/2018/20180606/PROBAV_S5_TOC_20180606_100M_V101",2018-06-06
"/data/MTDA/TIFFDERIVED/PROBAV_L3_S5_TOC_100M/2018/20180611/PROBAV_S5_TOC_20180611_100M_V101",2018-06-11
"/data/MTDA/TIFFDERIVED/PROBAV_L3_S5_TOC_100M/2018/20180616/PROBAV_S5_TOC_20180616_100M_V101",2018-06-16
"/data/MTDA/TIFFDERIVED/PROBAV_L3_S5_TOC_100M/2018/20180621/PROBAV_S5_TOC_20180621_100M_V101",2018-06-21
"/data/MTDA/TIFFDERIVED/PROBAV_L3_S5_TOC_100M/2018/20180626/PROBAV_S5_TOC_20180626_100M_V101",2018-06-26
"/data/MTDA/TIFFDERIVED/PROBAV_L3_S5_TOC_100M/2018/20180701/PROBAV_S5_TOC_20180701_100M_V101",2018-07-01
"/data/MTDA/TIFFDERIVED/PROBAV_L3_S5_TOC_100M/2018/20180706/PROBAV_S5_TOC_20180706_100M_V101",2018-07-06
"/data/MTDA/TIFFDERIVED/PROBAV_L3_S5_TOC_100M/2018/20180711/PROBAV_S5_TOC_20180711_100M_V101",2018-07-11
"/data/MTDA/TIFFDERIVED/PROBAV_L3_S5_TOC_100M/2018/20180716/PROBAV_S5_TOC_20180716_100M_V101",2018-07-16
"/data/MTDA/TIFFDERIVED/PROBAV_L3_S5_TOC_100M/2018/20180721/PROBAV_S5_TOC_20180721_100M_V101",2018-07-21
